<?xml version="1.0" encoding="UTF-8"?>

<!-- 
 * security.xml
 *
 * Copyright (C) 2017 Universidad de Sevilla
 * 
 * The use of this project is hereby constrained to the conditions of the 
 * TDG Licence, a copy of which you may download from 
 * http://www.tdg-seville.info/License.html
 -->

<beans xmlns="http://www.springframework.org/schema/beans"
	xmlns:xsi="http://www.w3.org/2001/XMLSchema-instance" xmlns:security="http://www.springframework.org/schema/security"	
	xsi:schemaLocation="
		http://www.springframework.org/schema/beans http://www.springframework.org/schema/beans/spring-beans-4.0.xsd		
        http://www.springframework.org/schema/security http://www.springframework.org/schema/security/spring-security-3.2.xsd
    ">

	<!-- Security infrastructure -->

	<bean id="loginService" class="security.LoginService" />

	<bean id="passwordEncoder"
		class="org.springframework.security.authentication.encoding.Md5PasswordEncoder" />

	<!-- Access control -->

	<security:http auto-config="true" use-expressions="true">
		<security:intercept-url pattern="/" access="permitAll" /> 

		<security:intercept-url pattern="/favicon.ico" access="permitAll" /> 
		<security:intercept-url pattern="/images/**" access="permitAll" /> 
		<security:intercept-url pattern="/scripts/**" access="permitAll" /> 
		<security:intercept-url pattern="/styles/**" access="permitAll" /> 

		<security:intercept-url pattern="/views/misc/index.jsp" access="permitAll" />
		
		<security:intercept-url pattern="/misc/termsAndConditions.do" access="permitAll" />
		<security:intercept-url pattern="/misc/identification.do" access="permitAll" />

		<security:intercept-url pattern="/security/login.do" access="permitAll" /> 
		<security:intercept-url pattern="/security/loginFailure.do" access="permitAll" /> 
		
		<security:intercept-url pattern="/welcome/index.do" access="permitAll" /> 
		
		
		
		
		<security:intercept-url pattern="/administrator/display-dashboard.do" access="hasRole('ADMINISTRATOR')" />
		
		<security:intercept-url pattern="/announcement/user/create.do" access="hasRole('USER')"/> 
		<security:intercept-url pattern="/announcement/user/list.do" access="hasRole('USER')"/> 
		<security:intercept-url pattern="/announcement/user/edit.do" access="hasRole('USER')"/> 
		<security:intercept-url pattern="/announcement/administrator/delete.do" access="hasRole('ADMINISTRATOR')"/> 
		
		<security:intercept-url pattern="/answer/list.do" access="isAnonymous()"/> 
		<security:intercept-url pattern="/answer/user/list.do" access="hasRole('USER')"/> 
		<security:intercept-url pattern="/answer/administrator/list.do" access="hasRole('ADMINISTRATOR')"/> 
		
		<security:intercept-url pattern="/comment/user/create.do" access="hasRole('USER')" />
		<security:intercept-url pattern="/comment/user/edit.do" access="hasRole('USER')" />
		<security:intercept-url pattern="/comment/administrator/delete.do" access="hasRole('ADMINISTRATOR')" />
		<security:intercept-url pattern="/comment/user/list.do" access="hasRole('USER')" />
		<security:intercept-url pattern="/comment/administrator/list.do" access="hasRole('ADMINISTRATOR')" />
		<security:intercept-url pattern="/comment/list.do" access="isAnonymous()" />
		
		<security:intercept-url pattern="/question/user/create.do" access="hasRole('USER')"/>
		<security:intercept-url pattern="/question/user/delete.do" access="hasRole('USER')"/>
		<security:intercept-url pattern="/question/user/display.do" access="hasRole('USER')"/>
		<security:intercept-url pattern="/question/user/edit.do" access="hasRole('USER')"/>
		
		<security:intercept-url pattern="/rendezVous/list.do" access="isAnonymous()" /> 
		<security:intercept-url pattern="/rendezVous/display.do" access="isAnonymous()" /> 
		<security:intercept-url pattern="/rendezVous/user/create.do" access="hasRole('USER')" />
		<security:intercept-url pattern="/rendezVous/user/**" access="hasRole('USER')" />
		<security:intercept-url pattern="/rendezVous/user/cancel.do" access="hasRole('USER')" />
		<security:intercept-url pattern="/rendezVous/user/rsvp.do" access="hasRole('USER')" />
		<security:intercept-url pattern="/rendezVous/administrator/list.do" access="hasRole('ADMINISTRATOR')" />
		<security:intercept-url pattern="/rendezVous/administrator/display.do" access="hasRole('ADMINISTRATOR')" />
		<security:intercept-url pattern="/rendezVous/administrator/remove.do" access="hasRole('ADMINISTRATOR')" />

		<security:intercept-url pattern="/user/register.do" access="isAnonymous()" /> 
		<security:intercept-url pattern="/user/list.do" access="isAnonymous()" /> 
		<security:intercept-url pattern="/user/display.do" access="isAnonymous()" /> 
		<security:intercept-url pattern="/user/user/list.do" access="hasRole('USER')" /> 
		<security:intercept-url pattern="/user/user/display.do" access="hasRole('USER')" /> 
		<security:intercept-url pattern="/user/administrator/display.do" access="hasRole('ADMINISTRATOR')" /> 
	
		<security:intercept-url pattern="/**" access="hasRole('NONE')" />

		<security:form-login 
			login-page="/security/login.do"
			password-parameter="password" 
			username-parameter="username"
			authentication-failure-url="/security/loginFailure.do" />

		<security:logout 
			logout-success-url="/" 
			invalidate-session="true" />
	</security:http>

</beans>